<?xml version="1.0" encoding="UTF-8" ?>
<!DOCTYPE mapper PUBLIC "-//mybatis.org//DTD Mapper 3.0//EN" "http://mybatis.org/dtd/mybatis-3-mapper.dtd" >
<mapper namespace="com.xjblx.mapper.QuestionnaireCreateCustomMapper">
 <resultMap id="BaseResultMap" type="com.xjblx.po.QuestionnaireCreate" >
    <id column="username" property="username" jdbcType="VARCHAR" />
    <result column="questionnair_name" property="questionnairName" jdbcType="VARCHAR" />
    <result column="questionnair_question" property="questionnairQuestion" jdbcType="VARCHAR" />
    <result column="questionnair_choice" property="questionnairChoice" jdbcType="VARCHAR" />
    <result column="questionnair_type" property="questionnairType" jdbcType="INTEGER" />
  </resultMap>
  <!-- 通过用户名和问卷名搜索到问卷的问题选项信息 -->
	<select id="selectQuestionnaireByName"   resultMap="BaseResultMap">
		SELECT * FROM questionnaire_create WHERE username = #{0} and questionnair_name = #{1}
		
	</select>
	<!-- 通过问卷中的问题查到这个问卷中的对应的选项-->
	<select id="selectQuestionnaireChoiceByQuestion" parameterType="java.lang.String" resultType="java.lang.String">
		SELECT questionnair_choice FROM questionnaire_create WHERE questionnair_question= #{questionnaireCreateCustom.questionnairQuestion} 
	
	</select>
	<!-- 更新-->
	<update id="updateByPrimaryKeySelective" parameterType="com.xjblx.po.QuestionnaireCreate" >
    update questionnaire_create
    <set >
      <if test="questionnairName != null" >
        questionnair_name = #{questionnairName,jdbcType=VARCHAR},
      </if>
      <if test="questionnairQuestion != null" >
        questionnair_question = #{questionnairQuestion,jdbcType=VARCHAR},
      </if>
      <if test="questionnairChoice != null" >
        questionnair_choice = #{questionnairChoice,jdbcType=VARCHAR},
      </if>
      <if test="questionnairType != null" >
        questionnair_type = #{questionnairType,jdbcType=INTEGER},
      </if>
      <if test="choicenum != null" >
        choicenum = #{choicenum,jdbcType=INTEGER},
      </if>
      <if test="eachchoicenum != null" >
        eachchoicenum = #{eachchoicenum,jdbcType=VARCHAR},
      </if>
    </set>
      where username = #{username,jdbcType=VARCHAR} and questionnair_name = #{questionnairName,jdbcType=VARCHAR} and 
    questionnair_question = #{questionnairQuestion,jdbcType=VARCHAR} 
  </update>
	
	<!-- 删除问卷问题表中的问题、选项等信息-->
	<delete id="deleteQuestionnaireCreate" >
		delete from questionnaire_create where username = #{0} and questionnair_name = #{1}
	
	</delete>
</mapper>