<?xml version="1.0" encoding="UTF-8" ?>
<!DOCTYPE mapper PUBLIC "-//mybatis.org//DTD Mapper 3.0//EN" "http://mybatis.org/dtd/mybatis-3-mapper.dtd" >
<mapper namespace="com.xjblx.mapper.UserMapper" >
  <resultMap id="BaseResultMap" type="com.xjblx.po.User" >
    <id column="username" property="username" jdbcType="VARCHAR" />
    <result column="usershowname" property="usershowname" jdbcType="VARCHAR" />
    <result column="password" property="password" jdbcType="VARCHAR" />
    <result column="ismanager" property="ismanager" jdbcType="VARCHAR" />
    <result column="userphone" property="userphone" jdbcType="VARCHAR" />
    <result column="useremail" property="useremail" jdbcType="VARCHAR" />
  </resultMap>
  <sql id="Example_Where_Clause" >
    <where >
      <foreach collection="oredCriteria" item="criteria" separator="or" >
        <if test="criteria.valid" >
          <trim prefix="(" suffix=")" prefixOverrides="and" >
            <foreach collection="criteria.criteria" item="criterion" >
              <choose >
                <when test="criterion.noValue" >
                  and ${criterion.condition}
                </when>
                <when test="criterion.singleValue" >
                  and ${criterion.condition} #{criterion.value}
                </when>
                <when test="criterion.betweenValue" >
                  and ${criterion.condition} #{criterion.value} and #{criterion.secondValue}
                </when>
                <when test="criterion.listValue" >
                  and ${criterion.condition}
                  <foreach collection="criterion.value" item="listItem" open="(" close=")" separator="," >
                    #{listItem}
                  </foreach>
                </when>
              </choose>
            </foreach>
          </trim>
        </if>
      </foreach>
    </where>
  </sql>
  <sql id="Update_By_Example_Where_Clause" >
    <where >
      <foreach collection="example.oredCriteria" item="criteria" separator="or" >
        <if test="criteria.valid" >
          <trim prefix="(" suffix=")" prefixOverrides="and" >
            <foreach collection="criteria.criteria" item="criterion" >
              <choose >
                <when test="criterion.noValue" >
                  and ${criterion.condition}
                </when>
                <when test="criterion.singleValue" >
                  and ${criterion.condition} #{criterion.value}
                </when>
                <when test="criterion.betweenValue" >
                  and ${criterion.condition} #{criterion.value} and #{criterion.secondValue}
                </when>
                <when test="criterion.listValue" >
                  and ${criterion.condition}
                  <foreach collection="criterion.value" item="listItem" open="(" close=")" separator="," >
                    #{listItem}
                  </foreach>
                </when>
              </choose>
            </foreach>
          </trim>
        </if>
      </foreach>
    </where>
  </sql>
  <sql id="Base_Column_List" >
    username, usershowname, password, ismanager, userphone, useremail
  </sql>
  <select id="selectByExample" resultMap="BaseResultMap" parameterType="com.xjblx.po.UserExample" >
    select
    <if test="distinct" >
      distinct
    </if>
    <include refid="Base_Column_List" />
    from user
    <if test="_parameter != null" >
      <include refid="Example_Where_Clause" />
    </if>
    <if test="orderByClause != null" >
      order by ${orderByClause}
    </if>
  </select>
  <select id="selectByPrimaryKey" resultMap="BaseResultMap" parameterType="java.lang.String" >
    select 
    <include refid="Base_Column_List" />
    from user
    where username = #{username,jdbcType=VARCHAR}
  </select>
  <delete id="deleteByPrimaryKey" parameterType="java.lang.String" >
    delete from user
    where username = #{username,jdbcType=VARCHAR}
  </delete>
  <delete id="deleteByExample" parameterType="com.xjblx.po.UserExample" >
    delete from user
    <if test="_parameter != null" >
      <include refid="Example_Where_Clause" />
    </if>
  </delete>
  <insert id="insert" parameterType="com.xjblx.po.User" >
    insert into user (username, usershowname, password, 
      ismanager, userphone, useremail
      )
    values (#{username,jdbcType=VARCHAR}, #{usershowname,jdbcType=VARCHAR}, #{password,jdbcType=VARCHAR}, 
      #{ismanager,jdbcType=VARCHAR}, #{userphone,jdbcType=VARCHAR}, #{useremail,jdbcType=VARCHAR}
      )
  </insert>
  <insert id="insertSelective" parameterType="com.xjblx.po.User" >
    insert into user
    <trim prefix="(" suffix=")" suffixOverrides="," >
      <if test="username != null" >
        username,
      </if>
      <if test="usershowname != null" >
        usershowname,
      </if>
      <if test="password != null" >
        password,
      </if>
      <if test="ismanager != null" >
        ismanager,
      </if>
      <if test="userphone != null" >
        userphone,
      </if>
      <if test="useremail != null" >
        useremail,
      </if>
    </trim>
    <trim prefix="values (" suffix=")" suffixOverrides="," >
      <if test="username != null" >
        #{username,jdbcType=VARCHAR},
      </if>
      <if test="usershowname != null" >
        #{usershowname,jdbcType=VARCHAR},
      </if>
      <if test="password != null" >
        #{password,jdbcType=VARCHAR},
      </if>
      <if test="ismanager != null" >
        #{ismanager,jdbcType=VARCHAR},
      </if>
      <if test="userphone != null" >
        #{userphone,jdbcType=VARCHAR},
      </if>
      <if test="useremail != null" >
        #{useremail,jdbcType=VARCHAR},
      </if>
    </trim>
  </insert>
  <select id="countByExample" parameterType="com.xjblx.po.UserExample" resultType="java.lang.Integer" >
    select count(*) from user
    <if test="_parameter != null" >
      <include refid="Example_Where_Clause" />
    </if>
  </select>
  <update id="updateByExampleSelective" parameterType="map" >
    update user
    <set >
      <if test="record.username != null" >
        username = #{record.username,jdbcType=VARCHAR},
      </if>
      <if test="record.usershowname != null" >
        usershowname = #{record.usershowname,jdbcType=VARCHAR},
      </if>
      <if test="record.password != null" >
        password = #{record.password,jdbcType=VARCHAR},
      </if>
      <if test="record.ismanager != null" >
        ismanager = #{record.ismanager,jdbcType=VARCHAR},
      </if>
      <if test="record.userphone != null" >
        userphone = #{record.userphone,jdbcType=VARCHAR},
      </if>
      <if test="record.useremail != null" >
        useremail = #{record.useremail,jdbcType=VARCHAR},
      </if>
    </set>
    <if test="_parameter != null" >
      <include refid="Update_By_Example_Where_Clause" />
    </if>
  </update>
  <update id="updateByExample" parameterType="map" >
    update user
    set username = #{record.username,jdbcType=VARCHAR},
      usershowname = #{record.usershowname,jdbcType=VARCHAR},
      password = #{record.password,jdbcType=VARCHAR},
      ismanager = #{record.ismanager,jdbcType=VARCHAR},
      userphone = #{record.userphone,jdbcType=VARCHAR},
      useremail = #{record.useremail,jdbcType=VARCHAR}
    <if test="_parameter != null" >
      <include refid="Update_By_Example_Where_Clause" />
    </if>
  </update>
  <update id="updateByPrimaryKeySelective" parameterType="com.xjblx.po.User" >
    update user
    <set >
      <if test="usershowname != null" >
        usershowname = #{usershowname,jdbcType=VARCHAR},
      </if>
      <if test="password != null" >
        password = #{password,jdbcType=VARCHAR},
      </if>
      <if test="ismanager != null" >
        ismanager = #{ismanager,jdbcType=VARCHAR},
      </if>
      <if test="userphone != null" >
        userphone = #{userphone,jdbcType=VARCHAR},
      </if>
      <if test="useremail != null" >
        useremail = #{useremail,jdbcType=VARCHAR},
      </if>
    </set>
    where username = #{username,jdbcType=VARCHAR}
  </update>
  <update id="updateByPrimaryKey" parameterType="com.xjblx.po.User" >
    update user
    set usershowname = #{usershowname,jdbcType=VARCHAR},
      password = #{password,jdbcType=VARCHAR},
      ismanager = #{ismanager,jdbcType=VARCHAR},
      userphone = #{userphone,jdbcType=VARCHAR},
      useremail = #{useremail,jdbcType=VARCHAR}
    where username = #{username,jdbcType=VARCHAR}
  </update>
</mapper>